Mean,Median,Mode,StanDeviation,Variance,Proportion,Var_pop_prop,Pop_corrcoef
148.7966667,149,146,85.82391798,7365.7448974377685,0.53,2408.6712164,0.0485943