Mean,Median,Mode,StanDeviation,Variance,Zscore
148.7966667,149,146,85.82391798,7365.7448974377685,