Mean,Median,Mode,StanDeviation,Variance,Zscore
148.7966667,149,146,85.75236822,7353.468656,